{"cameraMode":{"drawMode":0,"name":"Shaded","section":"Shading Mode"},"sceneLighting":false,"audioPlay":false,"sceneViewState":{"showFog":true,"showMaterialUpdate":false,"showSkybox":false,"showFlares":true,"showImageEffects":true,"showParticleSystems":true},"in2DMode":false,"pivot":{"x":-6.113269805908203,"y":-9.851943969726563,"z":-9.783832550048829},"rotation":{"x":0.23357313871383668,"y":0.5675358176231384,"z":-0.17202097177505494,"w":0.7705704569816589},"size":34.43142318725586,"orthographic":false}