{"cameraMode":{"drawMode":0,"name":"Shaded","section":"Shading Mode"},"sceneLighting":false,"audioPlay":false,"sceneViewState":{"showFog":true,"showMaterialUpdate":false,"showSkybox":false,"showFlares":true,"showImageEffects":true,"showParticleSystems":true},"in2DMode":false,"pivot":{"x":3.504702568054199,"y":-9.18453598022461,"z":9.611566543579102},"rotation":{"x":0.23330669105052949,"y":0.11955564469099045,"z":-0.02890891581773758,"w":0.9646052718162537},"size":35.54595947265625,"orthographic":false}