{"cameraMode":{"drawMode":0,"name":"Shaded","section":"Shading Mode"},"sceneLighting":true,"audioPlay":false,"sceneViewState":{"showFog":true,"showMaterialUpdate":false,"showSkybox":true,"showFlares":true,"showImageEffects":true,"showParticleSystems":true},"in2DMode":false,"pivot":{"x":341.1512145996094,"y":181.56993103027345,"z":40.60223388671875},"rotation":{"x":0.05727503448724747,"y":-0.011668751947581768,"z":0.0006688227294944227,"w":0.9983013272285461},"size":635.9739990234375,"orthographic":false}