{"cameraMode":{"drawMode":0,"name":"Shaded","section":"Shading Mode"},"sceneLighting":true,"audioPlay":false,"sceneViewState":{"showFog":true,"showMaterialUpdate":false,"showSkybox":true,"showFlares":true,"showImageEffects":true,"showParticleSystems":true},"in2DMode":false,"pivot":{"x":-1.5223498344421387,"y":1.2838993072509766,"z":-1.4188580513000489},"rotation":{"x":0.2800520360469818,"y":0.3175429701805115,"z":-0.09874965250492096,"w":0.900546133518219},"size":8.73175048828125,"orthographic":false}